File Path,Scan Result
C:/Users/Sathu Mathu/Downloads\72adde6903619acf53767fd92016868e4d329a3815086cafe564a66b3113d1e5.vbs,Malware detected
C:/Users/Sathu Mathu/Downloads\72adde6903619acf53767fd92016868e4d329a3815086cafe564a66b3113d1e5.zip,File appears clean
C:/Users/Sathu Mathu/Downloads\applsci-12-08482.pdf,File appears clean
C:/Users/Sathu Mathu/Downloads\bases.cav,File appears clean
C:/Users/Sathu Mathu/Downloads\BraveBrowserSetup-BRV011.exe,File appears clean
C:/Users/Sathu Mathu/Downloads\Datasets.zip,File appears clean
C:/Users/Sathu Mathu/Downloads\desktop.ini,File appears clean
C:/Users/Sathu Mathu/Downloads\diagram-export-2-3-2025-9_11_17-AM.png,File appears clean
C:/Users/Sathu Mathu/Downloads\diagram-export-2-3-2025-9_13_52-AM.png,File appears clean
C:/Users/Sathu Mathu/Downloads\document-export-2-3-2025-9_11_16-AM.md,File appears clean
C:/Users/Sathu Mathu/Downloads\document-export-2-3-2025-9_13_51-AM.md,File appears clean
C:/Users/Sathu Mathu/Downloads\download.csv,File appears clean
C:/Users/Sathu Mathu/Downloads\download.zip,File appears clean
C:/Users/Sathu Mathu/Downloads\eraser-export-export-2-3-2025-9_11_17-AM.zip,File appears clean
C:/Users/Sathu Mathu/Downloads\eraser-export-export-2-3-2025-9_13_52-AM.zip,File appears clean
C:/Users/Sathu Mathu/Downloads\Git-2.47.1.2-64-bit.exe,File appears clean
C:/Users/Sathu Mathu/Downloads\HashDB,File appears clean
C:/Users/Sathu Mathu/Downloads\HPSupportSolutionsFramework-13.0.1.131.exe,File appears clean
C:/Users/Sathu Mathu/Downloads\MiAssistant-4.2.1028.10.zip,File appears clean
C:/Users/Sathu Mathu/Downloads\minitool Partition Wizard.txt,File appears clean
C:/Users/Sathu Mathu/Downloads\OJT Report - Sathursan 2018ICTBIT04.pdf,File appears clean
C:/Users/Sathu Mathu/Downloads\Project Discussion 24_25 .xlsx,File appears clean
C:/Users/Sathu Mathu/Downloads\pw-free-online.exe,File appears clean
C:/Users/Sathu Mathu/Downloads\Sathursan 2018ICTBIT04.docx,File appears clean
C:/Users/Sathu Mathu/Downloads\SMBS SRS.docx,File appears clean
C:/Users/Sathu Mathu/Downloads\Untitled file (1).jpg,File appears clean
C:/Users/Sathu Mathu/Downloads\Untitled file.jpg,File appears clean
C:/Users/Sathu Mathu/Downloads/diagram-export-2-3-2025-9_13_52-AM.png,File appears clean.
File Path,Scan Result
C:/Users/Sathu Mathu/Downloads\72adde6903619acf53767fd92016868e4d329a3815086cafe564a66b3113d1e5.vbs,Malware detected
C:/Users/Sathu Mathu/Downloads\72adde6903619acf53767fd92016868e4d329a3815086cafe564a66b3113d1e5.zip,File appears clean
C:/Users/Sathu Mathu/Downloads\applsci-12-08482.pdf,File appears clean
C:/Users/Sathu Mathu/Downloads\bases.cav,File appears clean
C:/Users/Sathu Mathu/Downloads\BraveBrowserSetup-BRV011.exe,File appears clean
C:/Users/Sathu Mathu/Downloads\Datasets.zip,File appears clean
C:/Users/Sathu Mathu/Downloads\desktop.ini,File appears clean
C:/Users/Sathu Mathu/Downloads\diagram-export-2-3-2025-9_11_17-AM.png,File appears clean
C:/Users/Sathu Mathu/Downloads\diagram-export-2-3-2025-9_13_52-AM.png,File appears clean
C:/Users/Sathu Mathu/Downloads\document-export-2-3-2025-9_11_16-AM.md,File appears clean
C:/Users/Sathu Mathu/Downloads\document-export-2-3-2025-9_13_51-AM.md,File appears clean
C:/Users/Sathu Mathu/Downloads\download.csv,File appears clean
C:/Users/Sathu Mathu/Downloads\download.zip,File appears clean
C:/Users/Sathu Mathu/Downloads\eraser-export-export-2-3-2025-9_11_17-AM.zip,File appears clean
C:/Users/Sathu Mathu/Downloads\eraser-export-export-2-3-2025-9_13_52-AM.zip,File appears clean
C:/Users/Sathu Mathu/Downloads\Git-2.47.1.2-64-bit.exe,File appears clean
C:/Users/Sathu Mathu/Downloads\HashDB,File appears clean
C:/Users/Sathu Mathu/Downloads\HPSupportSolutionsFramework-13.0.1.131.exe,File appears clean
C:/Users/Sathu Mathu/Downloads\MiAssistant-4.2.1028.10.zip,File appears clean
C:/Users/Sathu Mathu/Downloads\minitool Partition Wizard.txt,File appears clean
C:/Users/Sathu Mathu/Downloads\OJT Report - Sathursan 2018ICTBIT04.pdf,File appears clean
C:/Users/Sathu Mathu/Downloads\Project Discussion 24_25 .xlsx,File appears clean
C:/Users/Sathu Mathu/Downloads\pw-free-online.exe,File appears clean
C:/Users/Sathu Mathu/Downloads\Sathursan 2018ICTBIT04.docx,File appears clean
C:/Users/Sathu Mathu/Downloads\SMBS SRS.docx,File appears clean
C:/Users/Sathu Mathu/Downloads\Untitled file (1).jpg,File appears clean
C:/Users/Sathu Mathu/Downloads\Untitled file.jpg,File appears clean
C:/Users/Sathu Mathu/Downloads/eraser-export-export-2-3-2025-9_11_17-AM.zip,File appears clean.
File Path,Scan Result
C:/Users/Sathu Mathu/Downloads\72adde6903619acf53767fd92016868e4d329a3815086cafe564a66b3113d1e5.vbs,Malware detected
C:/Users/Sathu Mathu/Downloads\72adde6903619acf53767fd92016868e4d329a3815086cafe564a66b3113d1e5.zip,File appears clean
C:/Users/Sathu Mathu/Downloads\applsci-12-08482.pdf,File appears clean
C:/Users/Sathu Mathu/Downloads\bases.cav,File appears clean
C:/Users/Sathu Mathu/Downloads\BraveBrowserSetup-BRV011.exe,File appears clean
C:/Users/Sathu Mathu/Downloads\Datasets.zip,File appears clean
C:/Users/Sathu Mathu/Downloads\desktop.ini,File appears clean
C:/Users/Sathu Mathu/Downloads\diagram-export-2-3-2025-9_11_17-AM.png,File appears clean
C:/Users/Sathu Mathu/Downloads\diagram-export-2-3-2025-9_13_52-AM.png,File appears clean
C:/Users/Sathu Mathu/Downloads\document-export-2-3-2025-9_11_16-AM.md,File appears clean
C:/Users/Sathu Mathu/Downloads\document-export-2-3-2025-9_13_51-AM.md,File appears clean
C:/Users/Sathu Mathu/Downloads\download.csv,File appears clean
C:/Users/Sathu Mathu/Downloads\download.zip,File appears clean
C:/Users/Sathu Mathu/Downloads\eraser-export-export-2-3-2025-9_11_17-AM.zip,File appears clean
C:/Users/Sathu Mathu/Downloads\eraser-export-export-2-3-2025-9_13_52-AM.zip,File appears clean
C:/Users/Sathu Mathu/Downloads\Git-2.47.1.2-64-bit.exe,File appears clean
C:/Users/Sathu Mathu/Downloads\HashDB,File appears clean
C:/Users/Sathu Mathu/Downloads\HPSupportSolutionsFramework-13.0.1.131.exe,File appears clean
C:/Users/Sathu Mathu/Downloads\MiAssistant-4.2.1028.10.zip,File appears clean
C:/Users/Sathu Mathu/Downloads\minitool Partition Wizard.txt,File appears clean
C:/Users/Sathu Mathu/Downloads\OJT Report - Sathursan 2018ICTBIT04.pdf,File appears clean
C:/Users/Sathu Mathu/Downloads\Project Discussion 24_25 .xlsx,File appears clean
C:/Users/Sathu Mathu/Downloads\pw-free-online.exe,File appears clean
C:/Users/Sathu Mathu/Downloads\Sathursan 2018ICTBIT04.docx,File appears clean
C:/Users/Sathu Mathu/Downloads\SMBS SRS.docx,File appears clean
C:/Users/Sathu Mathu/Downloads\Untitled file (1).jpg,File appears clean
C:/Users/Sathu Mathu/Downloads\Untitled file.jpg,File appears clean
C:/Users/Sathu Mathu/Downloads/diagram-export-2-3-2025-9_13_52-AM.png,File appears clean.
File Path,Scan Result
C:/Users/Sathu Mathu/Downloads\72adde6903619acf53767fd92016868e4d329a3815086cafe564a66b3113d1e5.vbs,Malware detected
C:/Users/Sathu Mathu/Downloads\72adde6903619acf53767fd92016868e4d329a3815086cafe564a66b3113d1e5.zip,File appears clean
C:/Users/Sathu Mathu/Downloads\applsci-12-08482.pdf,File appears clean
C:/Users/Sathu Mathu/Downloads\bases.cav,File appears clean
C:/Users/Sathu Mathu/Downloads\BraveBrowserSetup-BRV011.exe,File appears clean
C:/Users/Sathu Mathu/Downloads\Datasets.zip,File appears clean
C:/Users/Sathu Mathu/Downloads\desktop.ini,File appears clean
C:/Users/Sathu Mathu/Downloads\diagram-export-2-3-2025-9_11_17-AM.png,File appears clean
C:/Users/Sathu Mathu/Downloads\diagram-export-2-3-2025-9_13_52-AM.png,File appears clean
C:/Users/Sathu Mathu/Downloads\document-export-2-3-2025-9_11_16-AM.md,File appears clean
C:/Users/Sathu Mathu/Downloads\document-export-2-3-2025-9_13_51-AM.md,File appears clean
C:/Users/Sathu Mathu/Downloads\download.csv,File appears clean
C:/Users/Sathu Mathu/Downloads\download.zip,File appears clean
C:/Users/Sathu Mathu/Downloads\eraser-export-export-2-3-2025-9_11_17-AM.zip,File appears clean
C:/Users/Sathu Mathu/Downloads\eraser-export-export-2-3-2025-9_13_52-AM.zip,File appears clean
C:/Users/Sathu Mathu/Downloads\Git-2.47.1.2-64-bit.exe,File appears clean
C:/Users/Sathu Mathu/Downloads\HashDB,File appears clean
C:/Users/Sathu Mathu/Downloads\HPSupportSolutionsFramework-13.0.1.131.exe,File appears clean
C:/Users/Sathu Mathu/Downloads\MiAssistant-4.2.1028.10.zip,File appears clean
C:/Users/Sathu Mathu/Downloads\minitool Partition Wizard.txt,File appears clean
C:/Users/Sathu Mathu/Downloads\OJT Report - Sathursan 2018ICTBIT04.pdf,File appears clean
C:/Users/Sathu Mathu/Downloads\Project Discussion 24_25 .xlsx,File appears clean
C:/Users/Sathu Mathu/Downloads\pw-free-online.exe,File appears clean
C:/Users/Sathu Mathu/Downloads\Sathursan 2018ICTBIT04.docx,File appears clean
C:/Users/Sathu Mathu/Downloads\SMBS SRS.docx,File appears clean
C:/Users/Sathu Mathu/Downloads\Untitled file (1).jpg,File appears clean
C:/Users/Sathu Mathu/Downloads\Untitled file.jpg,File appears clean
C:/Users/Sathu Mathu/Downloads/diagram-export-2-3-2025-9_13_52-AM.png,File appears clean.,2025-02-03 13:07:17
C:/$WINDOWS.~BT\Sources\Diagnostics\diagnostics.dat,File appears clean.,2025-02-03 13:07:27
C:/$WINDOWS.~BT\Sources\Panther\CompatData_2025_01_24_19_41_17_3_00000021.xml,File appears clean.,2025-02-03 13:07:27
C:/$WINDOWS.~BT\Sources\Panther\CompatData_2025_01_24_19_41_20_3_00000021.xml,File appears clean.,2025-02-03 13:07:27
C:/$WINDOWS.~BT\Sources\Panther\CompatData_2025_01_24_19_41_28_3_00000140.xml,File appears clean.,2025-02-03 13:07:27
C:/$WINDOWS.~BT\Sources\Panther\CompatData_2025_01_24_19_41_34_3_006f0018.xml,File appears clean.,2025-02-03 13:07:27
C:/$WINDOWS.~BT\Sources\Panther\compatscancache.dat,File appears clean.,2025-02-03 13:07:27
C:/$WINDOWS.~BT\Sources\Panther\diagerr.xml,File appears clean.,2025-02-03 13:07:27
C:/$WINDOWS.~BT\Sources\Panther\diagwrn.xml,File appears clean.,2025-02-03 13:07:27
C:/$WINDOWS.~BT\Sources\Panther\DlTel-Merge.etl,File appears clean.,2025-02-03 13:07:27
C:/$WINDOWS.~BT\Sources\Panther\DlTel.Merge.00001.etl,File appears clean.,2025-02-03 13:07:27
C:/$WINDOWS.~BT\Sources\Panther\GenuineTicket.xml,File appears clean.,2025-02-03 13:07:28
C:/$WINDOWS.~BT\Sources\Panther\ScanResult.xml,File appears clean.,2025-02-03 13:07:28
C:/$WINDOWS.~BT\Sources\Panther\setupact.log,File appears clean.,2025-02-03 13:07:28
C:/$WINDOWS.~BT\Sources\Panther\setuperr.log,File appears clean.,2025-02-03 13:07:28
C:/$WINDOWS.~BT\Sources\Panther\windlp.state-old.xml,File appears clean.,2025-02-03 13:07:28
C:/$WINDOWS.~BT\Sources\Panther\windlp.state.xml,File appears clean.,2025-02-03 13:07:28
C:/$WINDOWS.~BT\Sources\Panther\_s_834A.tmp,File appears clean.,2025-02-03 13:07:28
C:/$WINDOWS.~BT\Sources\Rollback\checkpoint.info,File appears clean.,2025-02-03 13:07:28
C:/$WINDOWS.~BT\Sources\Rollback\rollbackinfo.ini,File appears clean.,2025-02-03 13:07:28
C:/Boot\sm_da\alldb.db,File appears clean.,2025-02-03 13:07:50
C:/Users/Sathu Mathu/Downloads/diagram-export-2-3-2025-9_13_52-AM.png,File appears clean.,2025-02-03 13:19:56
C:/Users/Sathu Mathu/Downloads\72adde6903619acf53767fd92016868e4d329a3815086cafe564a66b3113d1e5.vbs,Malware detected!,2025-02-03 13:20:42
C:/Users/Sathu Mathu/Downloads\72adde6903619acf53767fd92016868e4d329a3815086cafe564a66b3113d1e5.zip,File appears clean.,2025-02-03 13:20:42
C:/Users/Sathu Mathu/Downloads\applsci-12-08482.pdf,File appears clean.,2025-02-03 13:20:42
C:/Users/Sathu Mathu/Downloads\bases.cav,File appears clean.,2025-02-03 13:20:46
C:/Users/Sathu Mathu/Downloads\BraveBrowserSetup-BRV011.exe,File appears clean.,2025-02-03 13:20:46
C:/Users/Sathu Mathu/Downloads\Datasets.zip,File appears clean.,2025-02-03 13:20:46
C:/Users/Sathu Mathu/Downloads\desktop.ini,File appears clean.,2025-02-03 13:20:46
C:/Users/Sathu Mathu/Downloads\diagram-export-2-3-2025-9_11_17-AM.png,File appears clean.,2025-02-03 13:20:46
C:/Users/Sathu Mathu/Downloads\diagram-export-2-3-2025-9_13_52-AM.png,File appears clean.,2025-02-03 13:20:46
C:/Users/Sathu Mathu/Downloads\document-export-2-3-2025-9_11_16-AM.md,File appears clean.,2025-02-03 13:20:46
C:/Users/Sathu Mathu/Downloads\document-export-2-3-2025-9_13_51-AM.md,File appears clean.,2025-02-03 13:20:46
C:/Users/Sathu Mathu/Downloads\download.csv,File appears clean.,2025-02-03 13:20:46
C:/Users/Sathu Mathu/Downloads\download.zip,File appears clean.,2025-02-03 13:20:46
C:/Users/Sathu Mathu/Downloads\eraser-export-export-2-3-2025-9_11_17-AM.zip,File appears clean.,2025-02-03 13:20:46
C:/Users/Sathu Mathu/Downloads\eraser-export-export-2-3-2025-9_13_52-AM.zip,File appears clean.,2025-02-03 13:20:46
C:/Users/Sathu Mathu/Downloads\Git-2.47.1.2-64-bit.exe,File appears clean.,2025-02-03 13:20:46
C:/Users/Sathu Mathu/Downloads\HashDB,File appears clean.,2025-02-03 13:20:46
C:/Users/Sathu Mathu/Downloads\HPSupportSolutionsFramework-13.0.1.131.exe,File appears clean.,2025-02-03 13:20:47
C:/Users/Sathu Mathu/Downloads\MiAssistant-4.2.1028.10.zip,File appears clean.,2025-02-03 13:20:47
C:/Users/Sathu Mathu/Downloads\minitool Partition Wizard.txt,File appears clean.,2025-02-03 13:20:47
C:/Users/Sathu Mathu/Downloads\OJT Report - Sathursan 2018ICTBIT04.pdf,File appears clean.,2025-02-03 13:20:47
C:/Users/Sathu Mathu/Downloads\Project Discussion 24_25 .xlsx,File appears clean.,2025-02-03 13:20:47
C:/Users/Sathu Mathu/Downloads\pw-free-online.exe,File appears clean.,2025-02-03 13:20:47
C:/Users/Sathu Mathu/Downloads\Sathursan 2018ICTBIT04.docx,File appears clean.,2025-02-03 13:20:47
C:/Users/Sathu Mathu/Downloads\SMBS SRS.docx,File appears clean.,2025-02-03 13:20:47
C:/Users/Sathu Mathu/Downloads\Untitled file (1).jpg,File appears clean.,2025-02-03 13:20:47
C:/Users/Sathu Mathu/Downloads\Untitled file.jpg,File appears clean.,2025-02-03 13:20:47
C:/Users/Sathu Mathu/Downloads\72adde6903619acf53767fd92016868e4d329a3815086cafe564a66b3113d1e5.vbs,Malware detected!,2025-02-03 13:28:07
C:/Users/Sathu Mathu/Downloads\72adde6903619acf53767fd92016868e4d329a3815086cafe564a66b3113d1e5.zip,File appears clean.,2025-02-03 13:28:07
C:/Users/Sathu Mathu/Downloads\applsci-12-08482.pdf,File appears clean.,2025-02-03 13:28:07
C:/Users/Sathu Mathu/Downloads\bases.cav,File appears clean.,2025-02-03 13:28:10
C:/Users/Sathu Mathu/Downloads\BraveBrowserSetup-BRV011.exe,File appears clean.,2025-02-03 13:28:10
C:/Users/Sathu Mathu/Downloads\Datasets.zip,File appears clean.,2025-02-03 13:28:10
C:/Users/Sathu Mathu/Downloads\desktop.ini,File appears clean.,2025-02-03 13:28:10
C:/Users/Sathu Mathu/Downloads\diagram-export-2-3-2025-9_11_17-AM.png,File appears clean.,2025-02-03 13:28:10
C:/Users/Sathu Mathu/Downloads\diagram-export-2-3-2025-9_13_52-AM.png,File appears clean.,2025-02-03 13:28:10
C:/Users/Sathu Mathu/Downloads\document-export-2-3-2025-9_11_16-AM.md,File appears clean.,2025-02-03 13:28:10
C:/Users/Sathu Mathu/Downloads\document-export-2-3-2025-9_13_51-AM.md,File appears clean.,2025-02-03 13:28:10
C:/Users/Sathu Mathu/Downloads\download.csv,File appears clean.,2025-02-03 13:28:10
C:/Users/Sathu Mathu/Downloads\download.zip,File appears clean.,2025-02-03 13:28:10
C:/Users/Sathu Mathu/Downloads\eraser-export-export-2-3-2025-9_11_17-AM.zip,File appears clean.,2025-02-03 13:28:10
C:/Users/Sathu Mathu/Downloads\eraser-export-export-2-3-2025-9_13_52-AM.zip,File appears clean.,2025-02-03 13:28:10
C:/Users/Sathu Mathu/Downloads\Git-2.47.1.2-64-bit.exe,File appears clean.,2025-02-03 13:28:11
C:/Users/Sathu Mathu/Downloads\HashDB,File appears clean.,2025-02-03 13:28:11
C:/Users/Sathu Mathu/Downloads\HPSupportSolutionsFramework-13.0.1.131.exe,File appears clean.,2025-02-03 13:28:11
C:/Users/Sathu Mathu/Downloads\MiAssistant-4.2.1028.10.zip,File appears clean.,2025-02-03 13:28:12
C:/Users/Sathu Mathu/Downloads\minitool Partition Wizard.txt,File appears clean.,2025-02-03 13:28:12
C:/Users/Sathu Mathu/Downloads\OJT Report - Sathursan 2018ICTBIT04.pdf,File appears clean.,2025-02-03 13:28:12
C:/Users/Sathu Mathu/Downloads\Project Discussion 24_25 .xlsx,File appears clean.,2025-02-03 13:28:12
C:/Users/Sathu Mathu/Downloads\pw-free-online.exe,File appears clean.,2025-02-03 13:28:12
C:/Users/Sathu Mathu/Downloads\Sathursan 2018ICTBIT04.docx,File appears clean.,2025-02-03 13:28:12
C:/Users/Sathu Mathu/Downloads\SMBS SRS.docx,File appears clean.,2025-02-03 13:28:12
C:/Users/Sathu Mathu/Downloads\Untitled file (1).jpg,File appears clean.,2025-02-03 13:28:12
C:/Users/Sathu Mathu/Downloads\Untitled file.jpg,File appears clean.,2025-02-03 13:28:12
File Path,Scan Result
C:/Users/Sathu Mathu/Downloads\72adde6903619acf53767fd92016868e4d329a3815086cafe564a66b3113d1e5.vbs,Malware detected
C:/Users/Sathu Mathu/Downloads\72adde6903619acf53767fd92016868e4d329a3815086cafe564a66b3113d1e5.zip,File appears clean
C:/Users/Sathu Mathu/Downloads\applsci-12-08482.pdf,File appears clean
C:/Users/Sathu Mathu/Downloads\bases.cav,File appears clean
C:/Users/Sathu Mathu/Downloads\BraveBrowserSetup-BRV011.exe,File appears clean
C:/Users/Sathu Mathu/Downloads\Datasets.zip,File appears clean
C:/Users/Sathu Mathu/Downloads\desktop.ini,File appears clean
C:/Users/Sathu Mathu/Downloads\diagram-export-2-3-2025-9_11_17-AM.png,File appears clean
C:/Users/Sathu Mathu/Downloads\diagram-export-2-3-2025-9_13_52-AM.png,File appears clean
C:/Users/Sathu Mathu/Downloads\document-export-2-3-2025-9_11_16-AM.md,File appears clean
C:/Users/Sathu Mathu/Downloads\document-export-2-3-2025-9_13_51-AM.md,File appears clean
C:/Users/Sathu Mathu/Downloads\download.csv,File appears clean
C:/Users/Sathu Mathu/Downloads\download.zip,File appears clean
C:/Users/Sathu Mathu/Downloads\eraser-export-export-2-3-2025-9_11_17-AM.zip,File appears clean
C:/Users/Sathu Mathu/Downloads\eraser-export-export-2-3-2025-9_13_52-AM.zip,File appears clean
C:/Users/Sathu Mathu/Downloads\Git-2.47.1.2-64-bit.exe,File appears clean
C:/Users/Sathu Mathu/Downloads\HashDB,File appears clean
C:/Users/Sathu Mathu/Downloads\HPSupportSolutionsFramework-13.0.1.131.exe,File appears clean
C:/Users/Sathu Mathu/Downloads\MiAssistant-4.2.1028.10.zip,File appears clean
C:/Users/Sathu Mathu/Downloads\minitool Partition Wizard.txt,File appears clean
C:/Users/Sathu Mathu/Downloads\OJT Report - Sathursan 2018ICTBIT04.pdf,File appears clean
C:/Users/Sathu Mathu/Downloads\Project Discussion 24_25 .xlsx,File appears clean
C:/Users/Sathu Mathu/Downloads\pw-free-online.exe,File appears clean
C:/Users/Sathu Mathu/Downloads\Sathursan 2018ICTBIT04.docx,File appears clean
C:/Users/Sathu Mathu/Downloads\SMBS SRS.docx,File appears clean
C:/Users/Sathu Mathu/Downloads\Untitled file (1).jpg,File appears clean
C:/Users/Sathu Mathu/Downloads\Untitled file.jpg,File appears clean
C:/Users/Sathu Mathu/Downloads/diagram-export-2-3-2025-9_13_52-AM.png,File appears clean.,2025-02-03 13:52:17
C:/Users/Sathu Mathu/Downloads\72adde6903619acf53767fd92016868e4d329a3815086cafe564a66b3113d1e5.vbs,Malware detected!,2025-02-03 13:53:21
C:/Users/Sathu Mathu/Downloads\72adde6903619acf53767fd92016868e4d329a3815086cafe564a66b3113d1e5.zip,File appears clean.,2025-02-03 13:53:21
C:/Users/Sathu Mathu/Downloads\applsci-12-08482.pdf,File appears clean.,2025-02-03 13:53:21
C:/Users/Sathu Mathu/Downloads\bases.cav,File appears clean.,2025-02-03 13:53:24
C:/Users/Sathu Mathu/Downloads\BraveBrowserSetup-BRV011.exe,File appears clean.,2025-02-03 13:53:24
C:/Users/Sathu Mathu/Downloads\Datasets.zip,File appears clean.,2025-02-03 13:53:24
C:/Users/Sathu Mathu/Downloads\desktop.ini,File appears clean.,2025-02-03 13:53:24
C:/Users/Sathu Mathu/Downloads\diagram-export-2-3-2025-9_11_17-AM.png,File appears clean.,2025-02-03 13:53:24
C:/Users/Sathu Mathu/Downloads\diagram-export-2-3-2025-9_13_52-AM.png,File appears clean.,2025-02-03 13:53:24
C:/Users/Sathu Mathu/Downloads\document-export-2-3-2025-9_11_16-AM.md,File appears clean.,2025-02-03 13:53:24
C:/Users/Sathu Mathu/Downloads\document-export-2-3-2025-9_13_51-AM.md,File appears clean.,2025-02-03 13:53:24
C:/Users/Sathu Mathu/Downloads\download.csv,File appears clean.,2025-02-03 13:53:24
C:/Users/Sathu Mathu/Downloads\download.zip,File appears clean.,2025-02-03 13:53:24
C:/Users/Sathu Mathu/Downloads\eraser-export-export-2-3-2025-9_11_17-AM.zip,File appears clean.,2025-02-03 13:53:24
C:/Users/Sathu Mathu/Downloads\eraser-export-export-2-3-2025-9_13_52-AM.zip,File appears clean.,2025-02-03 13:53:24
C:/Users/Sathu Mathu/Downloads\Git-2.47.1.2-64-bit.exe,File appears clean.,2025-02-03 13:53:25
C:/Users/Sathu Mathu/Downloads\HashDB,File appears clean.,2025-02-03 13:53:25
C:/Users/Sathu Mathu/Downloads\HPSupportSolutionsFramework-13.0.1.131.exe,File appears clean.,2025-02-03 13:53:25
C:/Users/Sathu Mathu/Downloads\MiAssistant-4.2.1028.10.zip,File appears clean.,2025-02-03 13:53:25
C:/Users/Sathu Mathu/Downloads\minitool Partition Wizard.txt,File appears clean.,2025-02-03 13:53:25
C:/Users/Sathu Mathu/Downloads\OJT Report - Sathursan 2018ICTBIT04.pdf,File appears clean.,2025-02-03 13:53:25
C:/Users/Sathu Mathu/Downloads\Project Discussion 24_25 .xlsx,File appears clean.,2025-02-03 13:53:25
C:/Users/Sathu Mathu/Downloads\pw-free-online.exe,File appears clean.,2025-02-03 13:53:25
C:/Users/Sathu Mathu/Downloads\Sathursan 2018ICTBIT04.docx,File appears clean.,2025-02-03 13:53:25
C:/Users/Sathu Mathu/Downloads\SMBS SRS.docx,File appears clean.,2025-02-03 13:53:25
C:/Users/Sathu Mathu/Downloads\Untitled file (1).jpg,File appears clean.,2025-02-03 13:53:25
C:/Users/Sathu Mathu/Downloads\Untitled file.jpg,File appears clean.,2025-02-03 13:53:25
C:/Users/Sathu Mathu/Downloads/diagram-export-2-3-2025-9_13_52-AM.png,File appears clean.,2025-02-03 13:58:54
C:/Users/Sathu Mathu/Downloads/72adde6903619acf53767fd92016868e4d329a3815086cafe564a66b3113d1e5.vbs,Malware detected!,2025-02-03 13:59:00
C:/Users/Sathu Mathu/Downloads\72adde6903619acf53767fd92016868e4d329a3815086cafe564a66b3113d1e5.vbs,Malware detected!,2025-02-03 13:59:04
C:/Users/Sathu Mathu/Downloads\72adde6903619acf53767fd92016868e4d329a3815086cafe564a66b3113d1e5.zip,File appears clean.,2025-02-03 13:59:04
C:/Users/Sathu Mathu/Downloads\applsci-12-08482.pdf,File appears clean.,2025-02-03 13:59:04
C:/Users/Sathu Mathu/Downloads\bases.cav,File appears clean.,2025-02-03 13:59:07
C:/Users/Sathu Mathu/Downloads\BraveBrowserSetup-BRV011.exe,File appears clean.,2025-02-03 13:59:07
C:/Users/Sathu Mathu/Downloads\Datasets.zip,File appears clean.,2025-02-03 13:59:07
C:/Users/Sathu Mathu/Downloads\desktop.ini,File appears clean.,2025-02-03 13:59:07
C:/Users/Sathu Mathu/Downloads\diagram-export-2-3-2025-9_11_17-AM.png,File appears clean.,2025-02-03 13:59:07
C:/Users/Sathu Mathu/Downloads\diagram-export-2-3-2025-9_13_52-AM.png,File appears clean.,2025-02-03 13:59:07
C:/Users/Sathu Mathu/Downloads\document-export-2-3-2025-9_11_16-AM.md,File appears clean.,2025-02-03 13:59:07
C:/Users/Sathu Mathu/Downloads\document-export-2-3-2025-9_13_51-AM.md,File appears clean.,2025-02-03 13:59:07
C:/Users/Sathu Mathu/Downloads\download.csv,File appears clean.,2025-02-03 13:59:07
C:/Users/Sathu Mathu/Downloads\download.zip,File appears clean.,2025-02-03 13:59:08
C:/Users/Sathu Mathu/Downloads\eraser-export-export-2-3-2025-9_11_17-AM.zip,File appears clean.,2025-02-03 13:59:08
C:/Users/Sathu Mathu/Downloads\eraser-export-export-2-3-2025-9_13_52-AM.zip,File appears clean.,2025-02-03 13:59:08
C:/Users/Sathu Mathu/Downloads\Git-2.47.1.2-64-bit.exe,File appears clean.,2025-02-03 13:59:08
C:/Users/Sathu Mathu/Downloads\HashDB,File appears clean.,2025-02-03 13:59:08
C:/Users/Sathu Mathu/Downloads\HPSupportSolutionsFramework-13.0.1.131.exe,File appears clean.,2025-02-03 13:59:08
C:/Users/Sathu Mathu/Downloads\MiAssistant-4.2.1028.10.zip,File appears clean.,2025-02-03 13:59:08
C:/Users/Sathu Mathu/Downloads\minitool Partition Wizard.txt,File appears clean.,2025-02-03 13:59:08
C:/Users/Sathu Mathu/Downloads\OJT Report - Sathursan 2018ICTBIT04.pdf,File appears clean.,2025-02-03 13:59:08
C:/Users/Sathu Mathu/Downloads\Project Discussion 24_25 .xlsx,File appears clean.,2025-02-03 13:59:08
C:/Users/Sathu Mathu/Downloads\pw-free-online.exe,File appears clean.,2025-02-03 13:59:08
C:/Users/Sathu Mathu/Downloads\Sathursan 2018ICTBIT04.docx,File appears clean.,2025-02-03 13:59:08
C:/Users/Sathu Mathu/Downloads\SMBS SRS.docx,File appears clean.,2025-02-03 13:59:08
C:/Users/Sathu Mathu/Downloads\Untitled file (1).jpg,File appears clean.,2025-02-03 13:59:08
C:/Users/Sathu Mathu/Downloads\Untitled file.jpg,File appears clean.,2025-02-03 13:59:08
C:/Users/Sathu Mathu/Downloads/72adde6903619acf53767fd92016868e4d329a3815086cafe564a66b3113d1e5.vbs,Malware detected!,2025-02-03 14:00:29
C:/Users/Sathu Mathu/Downloads/72adde6903619acf53767fd92016868e4d329a3815086cafe564a66b3113d1e5.zip,File appears clean.,2025-02-03 14:00:39
C:/Users/Sathu Mathu/Downloads\72adde6903619acf53767fd92016868e4d329a3815086cafe564a66b3113d1e5.vbs,Malware detected!,2025-02-03 14:00:41
C:/Users/Sathu Mathu/Downloads\72adde6903619acf53767fd92016868e4d329a3815086cafe564a66b3113d1e5.zip,File appears clean.,2025-02-03 14:00:41
C:/Users/Sathu Mathu/Downloads\applsci-12-08482.pdf,File appears clean.,2025-02-03 14:00:41
C:/Users/Sathu Mathu/Downloads\bases.cav,File appears clean.,2025-02-03 14:00:44
C:/Users/Sathu Mathu/Downloads\BraveBrowserSetup-BRV011.exe,File appears clean.,2025-02-03 14:00:44
C:/Users/Sathu Mathu/Downloads\Datasets.zip,File appears clean.,2025-02-03 14:00:44
C:/Users/Sathu Mathu/Downloads\desktop.ini,File appears clean.,2025-02-03 14:00:44
C:/Users/Sathu Mathu/Downloads\diagram-export-2-3-2025-9_11_17-AM.png,File appears clean.,2025-02-03 14:00:44
C:/Users/Sathu Mathu/Downloads\diagram-export-2-3-2025-9_13_52-AM.png,File appears clean.,2025-02-03 14:00:44
C:/Users/Sathu Mathu/Downloads\document-export-2-3-2025-9_11_16-AM.md,File appears clean.,2025-02-03 14:00:44
C:/Users/Sathu Mathu/Downloads\document-export-2-3-2025-9_13_51-AM.md,File appears clean.,2025-02-03 14:00:44
C:/Users/Sathu Mathu/Downloads\download.csv,File appears clean.,2025-02-03 14:00:45
C:/Users/Sathu Mathu/Downloads\download.zip,File appears clean.,2025-02-03 14:00:45
C:/Users/Sathu Mathu/Downloads\eraser-export-export-2-3-2025-9_11_17-AM.zip,File appears clean.,2025-02-03 14:00:45
C:/Users/Sathu Mathu/Downloads\eraser-export-export-2-3-2025-9_13_52-AM.zip,File appears clean.,2025-02-03 14:00:45
C:/Users/Sathu Mathu/Downloads\Git-2.47.1.2-64-bit.exe,File appears clean.,2025-02-03 14:00:45
C:/Users/Sathu Mathu/Downloads\HashDB,File appears clean.,2025-02-03 14:00:45
C:/Users/Sathu Mathu/Downloads\HPSupportSolutionsFramework-13.0.1.131.exe,File appears clean.,2025-02-03 14:00:45
C:/Users/Sathu Mathu/Downloads\MiAssistant-4.2.1028.10.zip,File appears clean.,2025-02-03 14:00:46
C:/Users/Sathu Mathu/Downloads\minitool Partition Wizard.txt,File appears clean.,2025-02-03 14:00:46
C:/Users/Sathu Mathu/Downloads\OJT Report - Sathursan 2018ICTBIT04.pdf,File appears clean.,2025-02-03 14:00:46
C:/Users/Sathu Mathu/Downloads\Project Discussion 24_25 .xlsx,File appears clean.,2025-02-03 14:00:46
C:/Users/Sathu Mathu/Downloads\pw-free-online.exe,File appears clean.,2025-02-03 14:00:46
C:/Users/Sathu Mathu/Downloads\Sathursan 2018ICTBIT04.docx,File appears clean.,2025-02-03 14:00:46
C:/Users/Sathu Mathu/Downloads\SMBS SRS.docx,File appears clean.,2025-02-03 14:00:46
C:/Users/Sathu Mathu/Downloads\Untitled file (1).jpg,File appears clean.,2025-02-03 14:00:46
C:/Users/Sathu Mathu/Downloads\Untitled file.jpg,File appears clean.,2025-02-03 14:00:46
